<?xml version="1.0"?>
<!--
/**
 * BSeller Platform | B2W - Companhia Digital
 *
 * Do not edit this file if you want to update this module for future new versions.
 *
 * @category  BSeller
 * @package   BSeller_SkyHub
 *
 * @copyright Copyright (c) 2018 B2W Digital - BSeller Platform. (http://www.bseller.com.br)
 *
 * @author    Tiago Sampaio <tiago.sampaio@e-smart.com.br>
 * @author    Bruno Gemelli <bruno.gemelli@e-smart.com.br>
 */
-->
<config>
    <menu>
        <bseller>
            <children>
                <bseller_skyhub translate="title" module="bseller_skyhub">
                    <title>SkyHub Integration</title>
                    <sort_order>900</sort_order>
                    <children>
                        <catalog_product_attributes_mapping>
                            <title>Product Attributes</title>
                            <sort_order>10</sort_order>
                            <children>
                                <grid>
                                    <title>Attributes Mapping</title>
                                    <sort_order>10</sort_order>
                                    <action>adminhtml/bseller_skyhub_catalog_product_attributes_mapping</action>
                                </grid>
                            </children>
                        </catalog_product_attributes_mapping>
                        <customer_attributes_mapping>
                            <title>Customer Attributes</title>
                            <sort_order>15</sort_order>
                            <children>
                                <grid>
                                    <title>Attributes Mapping</title>
                                    <sort_order>15</sort_order>
                                    <action>adminhtml/bseller_skyhub_customer_attributes_mapping</action>
                                </grid>
                            </children>
                        </customer_attributes_mapping>
                        <queues>
                            <title>Queues Tracking</title>
                            <sort_order>20</sort_order>
                            <children>
                                <products_queue>
                                    <title>Products Queue</title>
                                    <sort_order>10</sort_order>
                                    <action>adminhtml/bseller_skyhub_queue/productsQueue</action>
                                </products_queue>
                                <product_attributes_queue>
                                    <title>Product Attributes Queue</title>
                                    <sort_order>20</sort_order>
                                    <action>adminhtml/bseller_skyhub_queue/productAttributesQueue</action>
                                </product_attributes_queue>
                                <categories_queue>
                                    <title>Categories Queue</title>
                                    <sort_order>30</sort_order>
                                    <action>adminhtml/bseller_skyhub_queue/categoriesQueue</action>
                                </categories_queue>
                                <sales_order_status_queue>
                                    <title>Order Status Queue</title>
                                    <sort_order>40</sort_order>
                                    <action>adminhtml/bseller_skyhub_queue/salesOrderStatusQueue</action>
                                </sales_order_status_queue>
                            </children>
                        </queues>
                        <sales_import>
                            <title>Orders Importation</title>
                            <sort_order>30</sort_order>
                            <children>
                                <manual_import>
                                    <title>Manual Import</title>
                                    <sort_order>10</sort_order>
                                    <action>adminhtml/bseller_skyhub_sales_order_import/form</action>
                                </manual_import>
                                <logs>
                                    <title>Import Errors</title>
                                    <sort_order>20</sort_order>
                                    <action>adminhtml/bseller_skyhub_sales_order_import/log</action>
                                </logs>
                            </children>
                        </sales_import>
                        <plp>
                            <title>Pre-post list (PLP)</title>
                            <sort_order>40</sort_order>
                            <action>adminhtml/bseller_skyhub_shipment_plp</action>
                        </plp>
                        <configuration>
                            <title>Configuration</title>
                            <sort_order>900</sort_order>
                            <action>adminhtml/system_config/edit/section/bseller_skyhub</action>
                        </configuration>
                    </children>
                </bseller_skyhub>
            </children>
        </bseller>
    </menu>
    <acl>
        <resources>
            <admin>
                <children>
                    <bseller>
                        <children>
                            <bseller_skyhub translate="title" module="bseller_skyhub">
                                <title>SkyHub Integration</title>
                                <sort_order>900</sort_order>
                                <children>
                                    <catalog_product_attributes_mapping>
                                        <title>Product Attributes</title>
                                        <sort_order>10</sort_order>
                                        <children>
                                            <grid>
                                                <title>Attributes Mapping</title>
                                                <sort_order>10</sort_order>
                                            </grid>
                                        </children>
                                    </catalog_product_attributes_mapping>
                                    <customer_attributes_mapping>
                                        <title>Customer Attributes</title>
                                        <sort_order>15</sort_order>
                                        <children>
                                            <grid>
                                                <title>Attributes Mapping</title>
                                                <sort_order>15</sort_order>
                                            </grid>
                                        </children>
                                    </customer_attributes_mapping>
                                    <queues>
                                        <title>Queues Management</title>
                                        <sort_order>20</sort_order>
                                        <children>
                                            <products_queue>
                                                <title>Products Queue</title>
                                                <sort_order>10</sort_order>
                                            </products_queue>
                                            <product_attributes_queue>
                                                <title>Product Attributes Queue</title>
                                                <sort_order>20</sort_order>
                                            </product_attributes_queue>
                                            <categories_queue>
                                                <title>Categories Queue</title>
                                                <sort_order>30</sort_order>
                                            </categories_queue>
                                            <sales_order_status_queue>
                                                <title>Order Status Queue</title>
                                                <sort_order>40</sort_order>
                                            </sales_order_status_queue>
                                        </children>
                                    </queues>
                                    <sales_import>
                                        <title>Orders Importation</title>
                                        <sort_order>30</sort_order>
                                        <children>
                                            <manual_import>
                                                <title>Manual Import</title>
                                                <sort_order>10</sort_order>
                                            </manual_import>
                                            <logs>
                                                <title>Import Errors</title>
                                                <sort_order>20</sort_order>
                                            </logs>
                                        </children>
                                    </sales_import>
                                    <configuration>
                                        <title>Configuration</title>
                                        <sort_order>900</sort_order>
                                    </configuration>
                                </children>
                            </bseller_skyhub>
                        </children>
                    </bseller>
                    <system>
                        <children>
                            <config>
                                <children>
                                    <bseller_skyhub translate="title" module="bseller_skyhub">
                                        <title>SkyHub Integration</title>
                                        <sort_order>900</sort_order>
                                    </bseller_skyhub>
                                </children>
                            </config>
                        </children>
                    </system>
                </children>
            </admin>
        </resources>
    </acl>
</config>
