<?xml version="1.0" encoding="utf-8"?>
<!--
/**
 * BSeller Platform | B2W - Companhia Digital
 *
 * Do not edit this file if you want to update this module for future new versions.
 *
 * @category  BSeller
 * @package   BSeller_Core
 *
 * @copyright Copyright (c) 2016 B2W Digital - BSeller Platform. (http://www.bseller.com.br)
 *
 * @author    BSeller Core Team <dev@e-smart.com.br>
 */
-->
<config>
    <skyhub>
        <product_attributes>
            <sku>
                <code>sku</code>
                <label>Product Sku</label>
                <description>The products main SKU (Stock Keeping Unit).</description>
                <cast_type>string</cast_type>
                <attribute_code>sku</attribute_code>
                <validation/>
                <attribute_install_config>
                    <attribute_code>sku</attribute_code>
                    <label>SKU</label>
                    <backend_model>catalog/product_attribute_backend_sku</backend_model>
                    <type>static</type>
                    <input>text</input>
                    <source_model/>
                    <required>1</required>
                </attribute_install_config>
            </sku>
            <name>
                <code>name</code>
                <label>Product Name</label>
                <description>The products name.</description>
                <cast_type>string</cast_type>
                <validation/>
                <attribute_install_config>
                    <attribute_code>name</attribute_code>
                    <label>Product Name</label>
                    <backend_model/>
                    <type>varchar</type>
                    <input>text</input>
                    <source_model/>
                    <required>1</required>
                </attribute_install_config>
            </name>
            <description>
                <code>description</code>
                <label>Product Description</label>
                <description>The products description.</description>
                <cast_type>string</cast_type>
                <validation/>
                <required>1</required>
                <attribute_install_config>
                    <attribute_code>description</attribute_code>
                    <label>Product Description</label>
                    <backend_model/>
                    <type>varchar</type>
                    <input>text</input>
                    <source_model/>
                    <required>1</required>
                </attribute_install_config>
            </description>
            <status>
                <code>status</code>
                <label>Product Status</label>
                <description>The product status that identifies if the product is enabled or disabled.</description>
                <cast_type>boolean</cast_type>
                <validation/>
                <required>1</required>
                <attribute_install_config>
                    <attribute_code>status</attribute_code>
                    <label>Product Status</label>
                    <backend_model/>
                    <type>int</type>
                    <input>select</input>
                    <source_model/>
                    <required>1</required>
                </attribute_install_config>
            </status>
            <qty>
                <code>qty</code>
                <label>Product Stock Quantity</label>
                <description>The products stock quantity available in store.</description>
                <cast_type>float</cast_type>
                <type>varchar</type>
                <input>text</input>
                <attribute_code/>
                <validation/>
                <enabled>1</enabled>
                <editable>0</editable>
                <required>1</required>
                <attribute_install_config/>
            </qty>
            <price>
                <code>price</code>
                <label>Product Price</label>
                <description>The products current price.</description>
                <cast_type>float</cast_type>
                <validation/>
                <required>1</required>
                <attribute_install_config>
                    <attribute_code>price</attribute_code>
                    <label>Product Price</label>
                    <backend_model/>
                    <type>decimal</type>
                    <input>text</input>
                    <source_model/>
                    <required>1</required>
                </attribute_install_config>
            </price>
            <promotional_price>
                <code>promotional_price</code>
                <label>Product Promotional Price</label>
                <description>The products current promotional price.</description>
                <cast_type>float</cast_type>
                <validation/>
                <required>0</required>
                <attribute_install_config>
                    <attribute_code>special_price</attribute_code>
                    <label>Product Promotional Price</label>
                    <backend_model/>
                    <type>decimal</type>
                    <input>text</input>
                    <source_model/>
                    <required>0</required>
                </attribute_install_config>
            </promotional_price>
            <cost>
                <code>cost</code>
                <label>Product Cost</label>
                <description>The products cost.</description>
                <cast_type>float</cast_type>
                <validation/>
                <required>0</required>
                <attribute_install_config>
                    <attribute_code>cost</attribute_code>
                    <label>Product Cost</label>
                    <backend_model/>
                    <type>decimal</type>
                    <input>text</input>
                    <source_model/>
                    <required>0</required>
                </attribute_install_config>
            </cost>
            <weight>
                <code>weight</code>
                <label>Product Weight</label>
                <description>The products weight (in kilograms always).</description>
                <cast_type>float</cast_type>
                <validation/>
                <required>1</required>
                <attribute_install_config>
                    <attribute_code>weight</attribute_code>
                    <label>Product Weight</label>
                    <backend_model/>
                    <type>decimal</type>
                    <input>text</input>
                    <source_model/>
                    <required>1</required>
                </attribute_install_config>
            </weight>
            <height>
                <code>height</code>
                <label>Product Height</label>
                <description>The products height (in centimeters always).</description>
                <cast_type>float</cast_type>
                <validation/>
                <required>1</required>
                <attribute_install_config>
                    <attribute_code>height</attribute_code>
                    <label>Product Height</label>
                    <backend_model/>
                    <type>decimal</type>
                    <input>text</input>
                    <source_model/>
                    <required>1</required>
                </attribute_install_config>
            </height>
            <width>
                <code>width</code>
                <label>Product Width</label>
                <description>The products width (in centimeters always).</description>
                <cast_type>float</cast_type>
                <validation/>
                <required>1</required>
                <attribute_install_config>
                    <attribute_code>width</attribute_code>
                    <label>Product Width</label>
                    <backend_model/>
                    <type>decimal</type>
                    <input>text</input>
                    <source_model/>
                    <required>1</required>
                </attribute_install_config>
            </width>
            <length>
                <code>length</code>
                <label>Product Length</label>
                <description>The products length (in centimeters always).</description>
                <cast_type>float</cast_type>
                <validation/>
                <required>1</required>
                <attribute_install_config>
                    <attribute_code>length</attribute_code>
                    <label>Product Length</label>
                    <backend_model/>
                    <type>decimal</type>
                    <input>text</input>
                    <source_model/>
                    <required>1</required>
                </attribute_install_config>
            </length>
            <brand>
                <code>brand</code>
                <label>Product Brand</label>
                <description>The products brand.</description>
                <cast_type>string</cast_type>
                <validation/>
                <required>0</required>
                <attribute_install_config>
                    <attribute_code>brand</attribute_code>
                    <label>Product Brand</label>
                    <backend_model/>
                    <type>int</type>
                    <input>select</input>
                    <source_model/>
                    <required>0</required>
                    <source>eav/entity_attribute_source_table</source>
                </attribute_install_config>
            </brand>
            <ean>
                <code>ean</code>
                <label>Product EAN</label>
                <description>The products valid EAN number.</description>
                <cast_type>string</cast_type>
                <validation/>
                <required>0</required>
                <attribute_install_config>
                    <attribute_code>ean</attribute_code>
                    <label>Product EAN</label>
                    <backend_model/>
                    <type>varchar</type>
                    <input>text</input>
                    <source_model/>
                    <required>0</required>
                </attribute_install_config>
            </ean>
            <nbm>
                <code>nbm</code>
                <label>Product NBM</label>
                <description>The products valid NBM.</description>
                <cast_type>string</cast_type>
                <type>varchar</type>
                <input>text</input>
                <attribute_code>nbm</attribute_code>
                <validation/>
                <required>0</required>
                <attribute_install_config>
                    <attribute_code>nbm</attribute_code>
                    <label>Product NBM</label>
                    <backend_model/>
                    <type>varchar</type>
                    <input>text</input>
                    <source_model/>
                    <required>0</required>
                </attribute_install_config>
            </nbm>
        </product_attributes>
        <customer_attributes>
            <person_type>
                <code>person_type</code>
                <label>Person Type</label>
                <description>The customer person type.</description>
                <cast_type>string</cast_type>
                <attribute_code>person_type</attribute_code>
                <validation/>
                <required>0</required>
                <has_options>1</has_options>
                <attribute_install_config>
                    <attribute_code>person_type</attribute_code>
                    <label>Person Type</label>
                    <type>int</type>
                    <input>select</input>
                    <required>0</required>
                    <source>bseller_skyhub/system_config_source_customer_attributes_personType</source>
                    <default>1</default>
                </attribute_install_config>
                <options>
                    <physical_person>
                        <skyhub_code>physical_person</skyhub_code>
                        <skyhub_label>Physical Person</skyhub_label>
                        <default_value>1</default_value>
                    </physical_person>
                    <legal_person>
                        <skyhub_code>legal_person</skyhub_code>
                        <skyhub_label>Legal Person</skyhub_label>
                        <default_value>2</default_value>
                    </legal_person>
                </options>
            </person_type>
            <cpf>
                <code>cpf</code>
                <label>CPF</label>
                <description>The customer CPF.</description>
                <cast_type>string</cast_type>
                <attribute_code>cpf</attribute_code>
                <validation/>
                <required>0</required>
                <attribute_install_config>
                    <attribute_code>cpf</attribute_code>
                    <label>CPF</label>
                    <type>varchar</type>
                    <input>text</input>
                    <source_model/>
                    <required>0</required>
                </attribute_install_config>
            </cpf>
            <cnpj>
                <code>cnpj</code>
                <label>CNPJ</label>
                <description>The customer CNPJ.</description>
                <cast_type>string</cast_type>
                <attribute_code>cnpj</attribute_code>
                <validation/>
                <required>0</required>
                <attribute_install_config>
                    <attribute_code>cnpj</attribute_code>
                    <label>CNPJ</label>
                    <type>varchar</type>
                    <input>text</input>
                    <source_model/>
                    <required>0</required>
                </attribute_install_config>
            </cnpj>
            <ie>
                <code>ie</code>
                <label>Customer IE</label>
                <description>The customer state inscription.</description>
                <cast_type>string</cast_type>
                <attribute_code>ie</attribute_code>
                <validation/>
                <required>0</required>
                <attribute_install_config>
                    <attribute_code>ie</attribute_code>
                    <label>IE</label>
                    <type>varchar</type>
                    <input>text</input>
                    <source_model/>
                    <required>0</required>
                </attribute_install_config>
            </ie>
            <social_name>
                <code>social_name</code>
                <label>Social Name</label>
                <description>The customer social name.</description>
                <cast_type>string</cast_type>
                <attribute_code>social_name</attribute_code>
                <validation/>
                <required>0</required>
                <attribute_install_config>
                    <attribute_code>social_name</attribute_code>
                    <label>Social Name</label>
                    <type>varchar</type>
                </attribute_install_config>
            </social_name>
        </customer_attributes>
        <catalog>
            <product>
                <attributes>
                    <blacklist>
                        <entity_id/>
                        <special_price/>
                        <attribute_set_id/>
                        <options_container/>
                        <media_gallery/>
                        <thumbnail/>
                        <small_image/>
                        <image/>
                        <msrp_display_actual_price_type/>
                        <msrp_enabled/>
                        <special_from_date/>
                        <special_to_date/>
                        <updated_at/>
                        <created_at/>
                        <visibility/>
                        <url_path/>
                        <url_key/>
                        <entity_type_id/>
                        <type_id/>
                        <custom_design/>
                        <custom_design_from/>
                        <custom_design_to/>
                        <custom_layout_update/>
                        <is_recurring/>
                        <recurring_profile/>
                        <gift_message_available/>
                        <has_options/>
                        <required_options/>
                        <tax_class_id/>
                        <msrp/>
                        <msrp_enabled/>
                        <msrp_display_actual_price_type/>
                        <promotional_price/>
                    </blacklist>
                </attributes>
            </product>
        </catalog>
        <customer>
            <attributes>
                <blacklist>
                    <entity_id></entity_id>
                </blacklist>
            </attributes>
        </customer>
    </skyhub>
</config>
