<?xml version="1.0"?>
<!--
/**
 * BSeller Platform | B2W - Companhia Digital
 *
 * Do not edit this file if you want to update this module for future new versions.
 *
 * @category  BSeller
 * @package   BSeller_SkyHub
 *
 * @copyright Copyright (c) 2018 B2W Digital - BSeller Platform. (http://www.bseller.com.br)
 *
 * @author    Tiago Sampaio <tiago.sampaio@e-smart.com.br>
 * @author    Bruno Gemelli <bruno.gemelli@e-smart.com.br>
 */
-->
<config>
    <sections>
        <bseller_skyhub translate="label" module="bseller_skyhub">
            <label>SkyHub Integration</label>
            <tab>bseller</tab>
            <show_in_default>1</show_in_default>
            <show_in_website>1</show_in_website>
            <show_in_store>1</show_in_store>
            <sort_order>900</sort_order>
            <frontend_type>text</frontend_type>
            <groups>
                <general translate="label" module="bseller_skyhub">
                    <label>General Configuration</label>
                    <sort_order>10</sort_order>
                    <show_in_default>1</show_in_default>
                    <show_in_website>1</show_in_website>
                    <show_in_store>1</show_in_store>
                    <expanded>1</expanded>
                    <fields>
                        <version>
                            <label>Module Version</label>
                            <sort_order>0</sort_order>
                            <frontend_type>label</frontend_type>
                            <show_in_default>1</show_in_default>
                            <show_in_website>1</show_in_website>
                            <show_in_store>1</show_in_store>
                        </version>
                        <store_scope_information>
                            <label>Notice</label>
                            <sort_order>5</sort_order>
                            <frontend_type>label</frontend_type>
                            <show_in_default>1</show_in_default>
                            <show_in_website>0</show_in_website>
                            <show_in_store>0</show_in_store>
                        </store_scope_information>
                        <enabled>
                            <label>Enabled</label>
                            <sort_order>10</sort_order>
                            <frontend_type>select</frontend_type>
                            <source_model>adminhtml/system_config_source_yesno</source_model>
                            <show_in_default>0</show_in_default>
                            <show_in_website>1</show_in_website>
                            <show_in_store>1</show_in_store>
                        </enabled>
                        <immediately_integrate_product_on_save_price_stock_change>
                            <label>Immediately integrate product on save (price or stock change)</label>
                            <sort_order>20</sort_order>
                            <frontend_type>select</frontend_type>
                            <source_model>adminhtml/system_config_source_yesno</source_model>
                            <show_in_default>1</show_in_default>
                            <show_in_website>1</show_in_website>
                            <show_in_store>1</show_in_store>
                            <comment>After saving a product, it will force real time integration if has changes on attributes: Price, Stock</comment>
                        </immediately_integrate_product_on_save_price_stock_change>
                        <immediately_integrate_order_products_order_create>
                            <label>Immediately integrate order products on order create</label>
                            <sort_order>30</sort_order>
                            <frontend_type>select</frontend_type>
                            <source_model>adminhtml/system_config_source_yesno</source_model>
                            <show_in_default>1</show_in_default>
                            <show_in_website>1</show_in_website>
                            <show_in_store>1</show_in_store>
                            <comment>After placing a order on magento, it will force real time integration to all items of the order</comment>
                        </immediately_integrate_order_products_order_create>
                        <integration_product_visibility>
                            <label>Visibilities for Integration</label>
                            <sort_order>20</sort_order>
                            <frontend_type>multiselect</frontend_type>
                            <source_model>bseller_skyhub/system_config_source_catalog_product_visibilities</source_model>
                            <show_in_default>1</show_in_default>
                            <show_in_website>1</show_in_website>
                            <show_in_store>1</show_in_store>
                            <comment><![CDATA[Magento will send to Skyhub the products with these visibilities]]></comment>
                        </integration_product_visibility>
                    </fields>
                </general>
                <customer translate="label" module="bseller_skyhub">
                    <label>Customer Configuration</label>
                    <sort_order>15</sort_order>
                    <show_in_default>1</show_in_default>
                    <show_in_website>1</show_in_website>
                    <show_in_store>1</show_in_store>
                    <expanded>1</expanded>
                    <fields>
                        <allow_customer_email_creation_with_taxvat>
                            <label>Allow the module to create a customer email if it doesn't come from skyhub (using taxvat on the composition)</label>
                            <sort_order>10</sort_order>
                            <frontend_type>select</frontend_type>
                            <source_model>adminhtml/system_config_source_yesno</source_model>
                            <show_in_default>1</show_in_default>
                            <show_in_website>1</show_in_website>
                            <show_in_store>1</show_in_store>
                        </allow_customer_email_creation_with_taxvat>
                        <customer_email_creation_with_taxvat_pattern>
                            <label>Pattern for create random email</label>
                            <sort_order>20</sort_order>
                            <frontend_type>text</frontend_type>
                            <show_in_default>1</show_in_default>
                            <show_in_website>1</show_in_website>
                            <show_in_store>1</show_in_store>
                            <comment>This is a pattern to be concatenated to the CPF / CNPJ sent by skyhub to create the customer.</comment>
                            <depends>
                                <allow_customer_email_creation_with_taxvat>1</allow_customer_email_creation_with_taxvat>
                            </depends>
                        </customer_email_creation_with_taxvat_pattern>
                    </fields>
                </customer>
                <service translate="label" module="bseller_skyhub">
                    <label>API Service Configuration</label>
                    <sort_order>20</sort_order>
                    <show_in_default>1</show_in_default>
                    <show_in_website>1</show_in_website>
                    <show_in_store>1</show_in_store>
                    <expanded>1</expanded>
                    <fields>
                        <store_scope_information>
                            <label>Notice</label>
                            <sort_order>5</sort_order>
                            <frontend_type>label</frontend_type>
                            <show_in_default>1</show_in_default>
                            <show_in_website>0</show_in_website>
                            <show_in_store>0</show_in_store>
                        </store_scope_information>
                        <base_uri>
                            <label>Base URI</label>
                            <sort_order>10</sort_order>
                            <frontend_type>label</frontend_type>
                            <show_in_default>0</show_in_default>
                            <show_in_website>1</show_in_website>
                            <show_in_store>1</show_in_store>
                        </base_uri>
                        <email>
                            <label>Email</label>
                            <sort_order>20</sort_order>
                            <frontend_type>text</frontend_type>
                            <show_in_default>0</show_in_default>
                            <show_in_website>1</show_in_website>
                            <show_in_store>1</show_in_store>
                        </email>
                        <api_key>
                            <label>API Key</label>
                            <sort_order>30</sort_order>
                            <frontend_type>text</frontend_type>
                            <show_in_default>0</show_in_default>
                            <show_in_website>1</show_in_website>
                            <show_in_store>1</show_in_store>
                        </api_key>
                    </fields>
                </service>
                <log translate="label" module="bseller_skyhub">
                    <label>Log Configuration</label>
                    <sort_order>30</sort_order>
                    <show_in_default>1</show_in_default>
                    <show_in_website>1</show_in_website>
                    <show_in_store>1</show_in_store>
                    <expanded>1</expanded>
                    <fields>
                        <enabled>
                            <label>Enabled</label>
                            <sort_order>10</sort_order>
                            <frontend_type>select</frontend_type>
                            <source_model>adminhtml/system_config_source_yesno</source_model>
                            <show_in_default>1</show_in_default>
                            <show_in_website>1</show_in_website>
                            <show_in_store>1</show_in_store>
                        </enabled>
                        <filename>
                            <label>Log Filename</label>
                            <sort_order>20</sort_order>
                            <frontend_type>text</frontend_type>
                            <show_in_default>1</show_in_default>
                            <show_in_website>1</show_in_website>
                            <show_in_store>1</show_in_store>
                            <can_be_empty>0</can_be_empty>
                            <depends>
                                <enabled>1</enabled>
                            </depends>
                        </filename>
                    </fields>
                </log>
                <tax_invoice_key translate="label" module="bseller_skyhub">
                    <label>Invoice Key Configuration</label>
                    <sort_order>40</sort_order>
                    <show_in_default>0</show_in_default>
                    <show_in_website>1</show_in_website>
                    <show_in_store>1</show_in_store>
                    <expanded>1</expanded>
                    <fields>
                        <pattern>
                            <label>Invoice Key Comment Pattern</label>
                            <sort_order>10</sort_order>
                            <frontend_type>text</frontend_type>
                            <show_in_default>1</show_in_default>
                            <show_in_website>1</show_in_website>
                            <show_in_store>1</show_in_store>
                        </pattern>
                    </fields>
                </tax_invoice_key>
                <!-- SALES ORDER STATUS -->
                <sales_order_status translate="label comment" module="bseller_skyhub">
                    <label>Order Status Configuration</label>
                    <sort_order>50</sort_order>
                    <show_in_default>1</show_in_default>
                    <show_in_website>1</show_in_website>
                    <show_in_store>1</show_in_store>
                    <expanded>1</expanded>
                    <fields>
                        <new_order_status>
                            <label>New Order Status</label>
                            <sort_order>10</sort_order>
                            <frontend_type>select</frontend_type>
                            <source_model>adminhtml/system_config_source_order_status_new</source_model>
                            <show_in_default>1</show_in_default>
                            <show_in_website>1</show_in_website>
                            <show_in_store>1</show_in_store>
                            <comment><![CDATA[When the order has the NEW status type in SkyHub Magento will put the order in this status.]]></comment>
                        </new_order_status>
                        <approved_order_status>
                            <label>Approved Order Status</label>
                            <sort_order>20</sort_order>
                            <frontend_type>select</frontend_type>
                            <source_model>adminhtml/system_config_source_order_status_processing</source_model>
                            <show_in_default>1</show_in_default>
                            <show_in_website>1</show_in_website>
                            <show_in_store>1</show_in_store>
                            <comment><![CDATA[When the order has the APPROVED status type in SkyHub Magento will put the order in this status.]]></comment>
                        </approved_order_status>
                        <delivered_order_status>
                            <label>Delivered Order Status</label>
                            <sort_order>30</sort_order>
                            <frontend_type>select</frontend_type>
                            <source_model>bseller_skyhub/system_config_source_sales_order_status_complete</source_model>
                            <show_in_default>1</show_in_default>
                            <show_in_website>1</show_in_website>
                            <show_in_store>1</show_in_store>
                            <comment><![CDATA[When the order status is set to this status at magento (manually or programatically), the integration will update Skyhub with DELIVERED status.]]></comment>
                        </delivered_order_status>
                        <shipment_exception_order_status>
                            <label>Shipment Exception Order Status</label>
                            <sort_order>40</sort_order>
                            <frontend_type>select</frontend_type>
                            <source_model>bseller_skyhub/system_config_source_sales_order_status_complete</source_model>
                            <show_in_default>1</show_in_default>
                            <show_in_website>1</show_in_website>
                            <show_in_store>1</show_in_store>
                            <comment><![CDATA[If the customer works with B2W Entregas, when the order status at skyhub is set to SHIPMENT_EXCEPTION, the integration will define this status at Magento. If it's not B2W entregas, when the order status is set to this status at magento (manually or programatically), the integration will update Skyhub with SHIPMENT_EXCEPTION status.]]></comment>
                        </shipment_exception_order_status>
                    </fields>
                </sales_order_status>
                <!-- CATALOG PRODUCT TYPE ATTRIBUTE -->
                <!--
                <catalog_product_type_grouped>
                    <label>Grouped Product Configuration</label>
                    <sort_order>60</sort_order>
                    <show_in_default>1</show_in_default>
                    <show_in_website>1</show_in_website>
                    <show_in_store>1</show_in_store>
                    <expanded>1</expanded>
                    <fields>
                        <configurable_attribute>
                            <label>Configurable Attributes</label>
                            <sort_order>10</sort_order>
                            <frontend_type>multiselect</frontend_type>
                            <source_model>bseller_skyhub/system_config_source_catalog_product_attributes</source_model>
                            <show_in_default>1</show_in_default>
                            <show_in_website>1</show_in_website>
                            <show_in_store>1</show_in_store>
                            <comment><![CDATA[It's still in working progress.]]></comment>
                        </configurable_attribute>
                    </fields>
                </catalog_product_type_grouped>
                -->
                <!-- CATALOG PRODUCT ATTRIBUTES -->
                <cron_catalog_product_attributes translate="label comment" module="bseller_skyhub">
                    <label>Product Attributes Cron Configuration</label>
                    <sort_order>1000</sort_order>
                    <show_in_default>1</show_in_default>
                    <show_in_website>1</show_in_website>
                    <show_in_store>1</show_in_store>
                    <expanded>1</expanded>
                    <fields>
                        <enabled>
                            <label>Enabled</label>
                            <sort_order>10</sort_order>
                            <frontend_type>select</frontend_type>
                            <source_model>adminhtml/system_config_source_enabledisable</source_model>
                            <show_in_default>1</show_in_default>
                            <show_in_website>1</show_in_website>
                            <show_in_store>1</show_in_store>
                            <comment><![CDATA[Enable the products attribute integration via cron.]]></comment>
                        </enabled>
                        <queue_create>
                            <label>Product Attributes Queue Generate</label>
                            <sort_order>20</sort_order>
                            <frontend_type>text</frontend_type>
                            <show_in_default>1</show_in_default>
                            <show_in_website>1</show_in_website>
                            <show_in_store>1</show_in_store>
                            <comment><![CDATA[Note that this must be a cron expression format.]]></comment>
                            <depends>
                                <enabled>1</enabled>
                            </depends>
                        </queue_create>
                        <queue_execute>
                            <label>Product Attributes Queue Execute</label>
                            <sort_order>30</sort_order>
                            <frontend_type>text</frontend_type>
                            <show_in_default>1</show_in_default>
                            <show_in_website>1</show_in_website>
                            <show_in_store>1</show_in_store>
                            <comment><![CDATA[Note that this must be a cron expression format.]]></comment>
                            <depends>
                                <enabled>1</enabled>
                            </depends>
                        </queue_execute>
                    </fields>
                </cron_catalog_product_attributes>
                <!-- CATALOG PRODUCTS -->
                <cron_catalog_products translate="label comment" module="bseller_skyhub">
                    <label>Products Cron Configuration</label>
                    <sort_order>1100</sort_order>
                    <show_in_default>1</show_in_default>
                    <show_in_website>1</show_in_website>
                    <show_in_store>1</show_in_store>
                    <expanded>1</expanded>
                    <fields>
                        <enabled>
                            <label>Enabled</label>
                            <sort_order>10</sort_order>
                            <frontend_type>select</frontend_type>
                            <source_model>adminhtml/system_config_source_enabledisable</source_model>
                            <show_in_default>1</show_in_default>
                            <show_in_website>1</show_in_website>
                            <show_in_store>1</show_in_store>
                            <comment><![CDATA[Enable the products integration via cron.]]></comment>
                        </enabled>
                        <queue_create>
                            <label>Products Queue Create</label>
                            <sort_order>20</sort_order>
                            <frontend_type>text</frontend_type>
                            <show_in_default>1</show_in_default>
                            <show_in_website>1</show_in_website>
                            <show_in_store>1</show_in_store>
                            <comment><![CDATA[Note that this must be a cron expression format.]]></comment>
                            <depends>
                                <enabled>1</enabled>
                            </depends>
                        </queue_create>
                        <queue_create_limit>
                            <label>Products Create Queue Limit</label>
                            <sort_order>30</sort_order>
                            <frontend_type>text</frontend_type>
                            <show_in_default>1</show_in_default>
                            <show_in_website>1</show_in_website>
                            <show_in_store>1</show_in_store>
                            <validate>validate-number validate-greater-than-zero</validate>
                            <comment><![CDATA[The amount of products to be queued per time. The default quantity is 500 at time.]]></comment>
                            <depends>
                                <enabled>1</enabled>
                            </depends>
                        </queue_create_limit>
                        <queue_execute>
                            <label>Products Queue Execute</label>
                            <sort_order>40</sort_order>
                            <frontend_type>text</frontend_type>
                            <show_in_default>1</show_in_default>
                            <show_in_website>1</show_in_website>
                            <show_in_store>1</show_in_store>
                            <comment><![CDATA[Note that this must be a cron expression format.]]></comment>
                            <depends>
                                <enabled>1</enabled>
                            </depends>
                        </queue_execute>
                        <queue_execute_limit>
                            <label>Products Execute Queue Limit</label>
                            <sort_order>50</sort_order>
                            <frontend_type>text</frontend_type>
                            <show_in_default>1</show_in_default>
                            <show_in_website>1</show_in_website>
                            <show_in_store>1</show_in_store>
                            <validate>validate-number validate-greater-than-zero</validate>
                            <comment><![CDATA[The amount of products to be integrated per time. The default quantity is 500 at time.]]></comment>
                            <depends>
                                <enabled>1</enabled>
                            </depends>
                        </queue_execute_limit>
                    </fields>
                </cron_catalog_products>
                <!-- CATALOG CATEGORIES -->
                <cron_catalog_categories translate="label comment" module="bseller_skyhub">
                    <label>Categories Cron Configuration</label>
                    <sort_order>1200</sort_order>
                    <show_in_default>1</show_in_default>
                    <show_in_website>1</show_in_website>
                    <show_in_store>1</show_in_store>
                    <expanded>1</expanded>
                    <fields>
                        <enabled>
                            <label>Enabled</label>
                            <sort_order>10</sort_order>
                            <frontend_type>select</frontend_type>
                            <source_model>adminhtml/system_config_source_enabledisable</source_model>
                            <show_in_default>1</show_in_default>
                            <show_in_website>1</show_in_website>
                            <show_in_store>1</show_in_store>
                            <comment><![CDATA[Enable the categories integration via cron.]]></comment>
                        </enabled>
                        <queue_create>
                            <label>Categories Queue Create</label>
                            <sort_order>90</sort_order>
                            <frontend_type>text</frontend_type>
                            <show_in_default>1</show_in_default>
                            <show_in_website>1</show_in_website>
                            <show_in_store>1</show_in_store>
                            <comment><![CDATA[Note that this must be a cron expression format.]]></comment>
                            <depends>
                                <enabled>1</enabled>
                            </depends>
                        </queue_create>
                        <queue_execute>
                            <label>Categories Queue Execute</label>
                            <sort_order>100</sort_order>
                            <frontend_type>text</frontend_type>
                            <show_in_default>1</show_in_default>
                            <show_in_website>1</show_in_website>
                            <show_in_store>1</show_in_store>
                            <comment><![CDATA[Note that this must be a cron expression format.]]></comment>
                            <depends>
                                <enabled>1</enabled>
                            </depends>
                        </queue_execute>
                    </fields>
                </cron_catalog_categories>
                <!-- SALES ORDER STATUS -->
                <cron_sales_order_status translate="label comment" module="bseller_skyhub">
                    <label>Order Status Cron Configuration</label>
                    <sort_order>1300</sort_order>
                    <show_in_default>1</show_in_default>
                    <show_in_website>1</show_in_website>
                    <show_in_store>1</show_in_store>
                    <expanded>1</expanded>
                    <fields>
                        <enabled>
                            <label>Enabled</label>
                            <sort_order>10</sort_order>
                            <frontend_type>select</frontend_type>
                            <source_model>adminhtml/system_config_source_enabledisable</source_model>
                            <show_in_default>1</show_in_default>
                            <show_in_website>1</show_in_website>
                            <show_in_store>1</show_in_store>
                            <comment><![CDATA[Enable integration via cron.]]></comment>
                        </enabled>
                        <queue_create>
                            <label>Queue Create</label>
                            <sort_order>20</sort_order>
                            <frontend_type>text</frontend_type>
                            <show_in_default>1</show_in_default>
                            <show_in_website>1</show_in_website>
                            <show_in_store>1</show_in_store>
                            <comment><![CDATA[Note that this must be a cron expression format.]]></comment>
                            <depends>
                                <enabled>1</enabled>
                            </depends>
                        </queue_create>
                        <queue_create_limit>
                            <label>Queue Orders Max Qty</label>
                            <sort_order>30</sort_order>
                            <frontend_type>text</frontend_type>
                            <show_in_default>1</show_in_default>
                            <show_in_website>1</show_in_website>
                            <show_in_store>1</show_in_store>
                            <comment><![CDATA[The maximum amount of orders to be queued by time.]]></comment>
                            <depends>
                                <enabled>1</enabled>
                            </depends>
                        </queue_create_limit>
                        <queue_execute>
                            <label>Queue Execute</label>
                            <sort_order>40</sort_order>
                            <frontend_type>text</frontend_type>
                            <show_in_default>1</show_in_default>
                            <show_in_website>1</show_in_website>
                            <show_in_store>1</show_in_store>
                            <comment><![CDATA[Note that this must be a cron expression format.]]></comment>
                            <depends>
                                <enabled>1</enabled>
                            </depends>
                        </queue_execute>
                        <queue_execute_limit>
                            <label>Update Orders Max Qty</label>
                            <sort_order>50</sort_order>
                            <frontend_type>text</frontend_type>
                            <show_in_default>1</show_in_default>
                            <show_in_website>1</show_in_website>
                            <show_in_store>1</show_in_store>
                            <comment><![CDATA[The maximum amount of orders to be updated by time.]]></comment>
                            <depends>
                                <enabled>1</enabled>
                            </depends>
                        </queue_execute_limit>
                        <order_expiration>
                            <label>Order expiration (in days)</label>
                            <sort_order>60</sort_order>
                            <frontend_type>text</frontend_type>
                            <show_in_default>1</show_in_default>
                            <show_in_website>1</show_in_website>
                            <show_in_store>1</show_in_store>
                            <comment><![CDATA[The number (in days) to consider order expirated.]]></comment>
                            <depends>
                                <enabled>1</enabled>
                            </depends>
                        </order_expiration>
                    </fields>
                </cron_sales_order_status>
                <!-- SALES ORDER QUEUE -->
                <cron_sales_order_queue translate="label comment" module="bseller_skyhub">
                    <label>Order Import Cron Configuration</label>
                    <sort_order>1400</sort_order>
                    <show_in_default>1</show_in_default>
                    <show_in_website>1</show_in_website>
                    <show_in_store>1</show_in_store>
                    <expanded>1</expanded>
                    <fields>
                        <enabled>
                            <label>Enabled</label>
                            <sort_order>10</sort_order>
                            <frontend_type>select</frontend_type>
                            <source_model>adminhtml/system_config_source_enabledisable</source_model>
                            <show_in_default>1</show_in_default>
                            <show_in_website>1</show_in_website>
                            <show_in_store>1</show_in_store>
                            <comment><![CDATA[Enable integration via cron.]]></comment>
                        </enabled>
                        <expression>
                            <label>Queue Execute</label>
                            <sort_order>20</sort_order>
                            <frontend_type>text</frontend_type>
                            <show_in_default>1</show_in_default>
                            <show_in_website>1</show_in_website>
                            <show_in_store>1</show_in_store>
                            <comment><![CDATA[Note that this must be a cron expression format.]]></comment>
                            <depends>
                                <enabled>1</enabled>
                            </depends>
                        </expression>
                        <!--
                        <default_store_id>
                            <label>Imported Orders Store View</label>
                            <sort_order>30</sort_order>
                            <frontend_type>select</frontend_type>
                            <source_model>adminhtml/system_config_source_store</source_model>
                            <show_in_default>1</show_in_default>
                            <show_in_website>1</show_in_website>
                            <show_in_store>1</show_in_store>
                            <comment><![CDATA[The default store which the order will be imported in.]]></comment>
                        </default_store_id>
                        -->
                        <use_default_increment_id>
                            <label>Use default store increment id?</label>
                            <sort_order>25</sort_order>
                            <frontend_type>select</frontend_type>
                            <source_model>adminhtml/system_config_source_yesno</source_model>
                            <show_in_default>1</show_in_default>
                            <show_in_website>1</show_in_website>
                            <show_in_store>1</show_in_store>
                        </use_default_increment_id>
                        <limit>
                            <label>Import Orders Max Qty</label>
                            <sort_order>40</sort_order>
                            <frontend_type>text</frontend_type>
                            <show_in_default>1</show_in_default>
                            <show_in_website>1</show_in_website>
                            <show_in_store>1</show_in_store>
                            <comment><![CDATA[The maximum amount of orders to be imported by time.]]></comment>
                            <depends>
                                <enabled>1</enabled>
                            </depends>
                        </limit>
                    </fields>
                </cron_sales_order_queue>
                <!-- QUEUE CLEAN -->
                <cron_queue_clean translate="label comment" module="bseller_skyhub">
                    <label>Cleaning Cron Configuration</label>
                    <sort_order>1600</sort_order>
                    <show_in_default>1</show_in_default>
                    <show_in_website>1</show_in_website>
                    <show_in_store>1</show_in_store>
                    <expanded>1</expanded>
                    <fields>
                        <enabled>
                            <label>Enabled</label>
                            <sort_order>10</sort_order>
                            <frontend_type>select</frontend_type>
                            <source_model>adminhtml/system_config_source_enabledisable</source_model>
                            <show_in_default>1</show_in_default>
                            <show_in_website>1</show_in_website>
                            <show_in_store>1</show_in_store>
                            <comment><![CDATA[Enable integration via cron.]]></comment>
                        </enabled>
                        <expression>
                            <label>Queue Execute</label>
                            <sort_order>20</sort_order>
                            <frontend_type>text</frontend_type>
                            <show_in_default>1</show_in_default>
                            <show_in_website>1</show_in_website>
                            <show_in_store>1</show_in_store>
                            <comment><![CDATA[Note that this must be a cron expression format.]]></comment>
                            <depends>
                                <enabled>1</enabled>
                            </depends>
                        </expression>
                    </fields>
                </cron_queue_clean>
            </groups>
        </bseller_skyhub>
    </sections>
</config>
