<?xml version="1.0" encoding="utf-8"?>
<!--
/**
 * BSeller Platform | B2W - Companhia Digital
 *
 * Do not edit this file if you want to update this module for future new versions.
 *
 * @category  BSeller
 * @package   BSeller_Core
 *
 * @copyright Copyright (c) 2016 B2W Digital - BSeller Platform. (http://www.bseller.com.br)
 *
 * @author    BSeller Core Team <dev@e-smart.com.br>
 */
-->
<config>
    <menu>
        <bseller translate="title" module="bseller_core">
            <title>BSeller</title>
            <sort_order>90</sort_order>
        </bseller>
    </menu>
    <acl>
        <resources>
            <admin>
                <children>
                    <system>
                        <children>
                            <config>
                                <children>
                                    <bseller>
                                        <title>BSeller</title>
                                        <sort_order>-100</sort_order>
                                    </bseller>
                                </children>
                            </config>
                        </children>
                    </system>
                    <bseller>
                        <title>BSeller</title>
                        <sort_order>90</sort_order>
                    </bseller>
                </children>
            </admin>
        </resources>
    </acl>
</config>
