<?xml version="1.0" encoding="utf-8"?>
<!--
/**
 * BSeller Platform | B2W - Companhia Digital
 *
 * Do not edit this file if you want to update this module for future new versions.
 *
 * @category  BSeller
 * @package   BSeller_Core
 *
 * @copyright Copyright (c) 2016 B2W Digital - BSeller Platform. (http://www.bseller.com.br)
 *
 * @author    BSeller Core Team <dev@e-smart.com.br>
 */
-->
<config>
    <tabs>
        <bseller translate="label" module="bseller_core">
            <label>BSeller</label>
            <class>admin-system-config-bseller-tab</class>
            <sort_order>-100</sort_order>
        </bseller>
    </tabs>
</config>
